{"cameraMode":{"drawMode":0,"name":"Shaded","section":"Shading Mode"},"sceneLighting":true,"audioPlay":false,"sceneViewState":{"showFog":true,"showMaterialUpdate":false,"showSkybox":true,"showFlares":true,"showImageEffects":true,"showParticleSystems":true},"in2DMode":false,"pivot":{"x":0.1526625156402588,"y":-0.11855769157409668,"z":-0.20704030990600587},"rotation":{"x":0.20766861736774445,"y":0.24216711521148683,"z":-0.053033389151096347,"w":0.9463144540786743},"size":12.648187637329102,"orthographic":false}